number_of_estimators,max_depth,average_ndcg,average_roi
20,,0.01639982172673242,-0.0021329073714194107
50,,0.016220920514465168,-0.004306238993519269
75,,0.017403877361186926,-3.533451703314518e-05
