{
  "run_timestamp": "20260427_122215",
  "evaluation_directory": "outputs/results/evaluation",
  "output_directory": "outputs/analysis/baseline_decomposition/20260427_122215",
  "models": [
    "light_gcn",
    "random_forest"
  ],
  "main_results": [
    {
      "model": "light_gcn",
      "display_name": "LightGCN",
      "best_trial_id": "eb788_00006",
      "primary_metric": "average_ndcg",
      "split_count": 69,
      "ndcg_at_k_mean": 0.32950064297358045,
      "ndcg_at_k_std": 0.07407182047246454,
      "roi_at_k_mean": -0.005396658854443871,
      "roi_at_k_std": 0.04297422032733008,
      "recall_at_k_mean": 0.4946414606356798,
      "recall_at_k_std": 0.08369690579236905,
      "profile_coherence_at_k_mean": 0.7940119600505401,
      "profile_coherence_at_k_std": 0.00794056810605602,
      "profile_coherence_lift_at_k_mean": 1.170561424224297,
      "profile_coherence_lift_at_k_std": 0.018004302136634624
    },
    {
      "model": "random_forest",
      "display_name": "Random Forest",
      "best_trial_id": "df0bd_00008",
      "primary_metric": "average_roi",
      "split_count": 69,
      "ndcg_at_k_mean": 0.01897891264852793,
      "ndcg_at_k_std": 0.01788846505595634,
      "roi_at_k_mean": 0.014222600453448447,
      "roi_at_k_std": 0.03205523291342446,
      "recall_at_k_mean": 0.03570006960411619,
      "recall_at_k_std": 0.03611315795664602,
      "profile_coherence_at_k_mean": 0.6667081748071968,
      "profile_coherence_at_k_std": 0.04489433696613364,
      "profile_coherence_lift_at_k_mean": 1.0598056077166547,
      "profile_coherence_lift_at_k_std": 0.07001301736439677
    }
  ],
  "decomposition": [
    {
      "model": "light_gcn",
      "display_name": "LightGCN",
      "total_recommendations": 1372010,
      "coherent_recommendations": 1089513,
      "discordant_recommendations": 282497,
      "coherent_share": 0.7940998972310698,
      "mean_monthly_return_overall": -0.007795309248388857,
      "mean_monthly_return_coherent": -0.008419207234269591,
      "mean_monthly_return_discordant": -0.00538910682397062,
      "strict_coherent_recommendations": 436950,
      "mean_monthly_return_strict_coherent": -0.008729402159588978,
      "mean_monthly_return_strict_discordant": -0.007358811165325849
    },
    {
      "model": "random_forest",
      "display_name": "Random Forest",
      "total_recommendations": 1372010,
      "coherent_recommendations": 912015,
      "discordant_recommendations": 459995,
      "coherent_share": 0.6647291200501454,
      "mean_monthly_return_overall": 0.013788322227528725,
      "mean_monthly_return_coherent": 0.016707947879965945,
      "mean_monthly_return_discordant": 0.007999688895845708,
      "strict_coherent_recommendations": 309024,
      "mean_monthly_return_strict_coherent": 0.01985377712841768,
      "mean_monthly_return_strict_discordant": 0.01202501477541524
    }
  ]
}